{
	"info": {
		"_postman_id": "705edcf6-4bba-476e-ac36-0989a300f991",
		"name": "Authentification LDBS",
		"schema": "https://schema.getpostman.com/json/collection/v2.1.0/collection.json",
		"_exporter_id": "2094979",
		"_collection_link": "https://martian-star-39093.postman.co/workspace/My-Workspace~6c45aa6b-c3af-40b1-82b1-518aeca0f3d8/collection/2094979-705edcf6-4bba-476e-ac36-0989a300f991?action=share&source=collection_link&creator=2094979"
	},
	"item": [
		{
			"name": "Login",
			"request": {
				"method": "POST",
				"header": [],
				"body": {
					"mode": "raw",
					"raw": "{\r\n    \"email\" : \"grolp2p@yopmail.com\",\r\n    \"password\" : \"123456789!!pp\"\r\n}",
					"options": {
						"raw": {
							"language": "json"
						}
					}
				},
				"url": {
					"raw": "{{baseURL}}/login",
					"host": [
						"{{baseURL}}"
					],
					"path": [
						"login"
					]
				}
			},
			"response": []
		},
		{
			"name": "Create User",
			"request": {
				"method": "POST",
				"header": [],
				"body": {
					"mode": "raw",
					"raw": "{\r\n    \"email\" : \"grols@yopmail.com\",\r\n    \"password\" : \"123456pm\",\r\n    \"firstName\" : \"Grego\",\r\n    \"lastName\" :\"Luc\"\r\n}",
					"options": {
						"raw": {
							"language": "json"
						}
					}
				},
				"url": {
					"raw": "{{baseURL}}/register",
					"host": [
						"{{baseURL}}"
					],
					"path": [
						"register"
					]
				}
			},
			"response": []
		},
		{
			"name": "Request forgotten password",
			"request": {
				"method": "POST",
				"header": [],
				"body": {
					"mode": "raw",
					"raw": "{\r\n    \"email\" :\"grolp2p@yopmail.com\"\r\n}",
					"options": {
						"raw": {
							"language": "json"
						}
					}
				},
				"url": {
					"raw": "{{baseURL}}/password/reset",
					"host": [
						"{{baseURL}}"
					],
					"path": [
						"password",
						"reset"
					]
				}
			},
			"response": []
		},
		{
			"name": "Register",
			"request": {
				"method": "POST",
				"header": [],
				"body": {
					"mode": "raw",
					"raw": "{\r\n    \"email\" : \"grolp2p@yopmail.com\",\r\n    \"password\" : \"123456pm\",\r\n    \"firstName\" : \"Grego\",\r\n    \"lastName\" :\"Luc\"\r\n}",
					"options": {
						"raw": {
							"language": "json"
						}
					}
				},
				"url": {
					"raw": "{{baseURL}}/register",
					"host": [
						"{{baseURL}}"
					],
					"path": [
						"register"
					]
				}
			},
			"response": []
		},
		{
			"name": "Verify email",
			"request": {
				"method": "POST",
				"header": [],
				"url": {
					"raw": "{{baseURL}}/verify-email/:token",
					"host": [
						"{{baseURL}}"
					],
					"path": [
						"verify-email",
						":token"
					],
					"variable": [
						{
							"key": "token",
							"value": "d2e19c68-3738-4f7e-ace2-e29940866185"
						}
					]
				}
			},
			"response": []
		},
		{
			"name": "Check reset password token",
			"request": {
				"method": "GET",
				"header": [],
				"url": {
					"raw": "{{baseURL}}/password/reset/:token",
					"host": [
						"{{baseURL}}"
					],
					"path": [
						"password",
						"reset",
						":token"
					],
					"variable": [
						{
							"key": "token",
							"value": "cb63145a-fffc-49e5-bc76-984fc7bfa74d"
						}
					]
				}
			},
			"response": []
		},
		{
			"name": "Set new password",
			"request": {
				"method": "PUT",
				"header": [],
				"body": {
					"mode": "raw",
					"raw": "{\r\n    \"token\" : \"cb63145a-fffc-49e5-bc76-984fc7bfa74d\",\r\n    \"password\" : \"123456789!!pp\"\r\n}",
					"options": {
						"raw": {
							"language": "json"
						}
					}
				},
				"url": {
					"raw": "{{baseURL}}/password/reset/:token",
					"host": [
						"{{baseURL}}"
					],
					"path": [
						"password",
						"reset",
						":token"
					],
					"variable": [
						{
							"key": "token",
							"value": ""
						}
					]
				}
			},
			"response": []
		}
	],
	"event": [
		{
			"listen": "prerequest",
			"script": {
				"type": "text/javascript",
				"exec": [
					""
				]
			}
		},
		{
			"listen": "test",
			"script": {
				"type": "text/javascript",
				"exec": [
					""
				]
			}
		}
	],
	"variable": [
		{
			"key": "baseURL",
			"value": "http://localhost:8000/api/auth",
			"type": "string"
		}
	]
}